Psil2_A100_NS_Male_L006_R1_001.fastq.gz	@LH00295:89:22JGCYLT3:6:1101:1222:1032 1:N:0:NTGATGTAAA+TGCTCTAAAC
Psil2_A100_NS_Male_L006_R2_001.fastq.gz	@LH00295:89:22JGCYLT3:6:1101:1222:1032 2:N:0:NTGATGTAAA+TGCTCTAAAC
Psil2_A101_NS_Male_L006_R1_001.fastq.gz	@LH00295:89:22JGCYLT3:6:1101:1259:1032 1:N:0:NCTTCAACCT+GCTAGAATGT
Psil2_A101_NS_Male_L006_R2_001.fastq.gz	@LH00295:89:22JGCYLT3:6:1101:1259:1032 2:N:0:NCTTCAACCT+GCTAGAATGT
Psil2_A102_NS_Male_L006_R1_001.fastq.gz	@LH00295:89:22JGCYLT3:6:1101:3977:1032 1:N:0:NATGGAGTGA+ATAAGACCTC
Psil2_A102_NS_Male_L006_R2_001.fastq.gz	@LH00295:89:22JGCYLT3:6:1101:3977:1032 2:N:0:NATGGAGTGA+ATAAGACCTC
Psil2_A103_NS_Female_L006_R1_001.fastq.gz	@LH00295:89:22JGCYLT3:6:1101:1092:1032 1:N:0:NAACGGGTCA+CGTCTTTCCT
Psil2_A103_NS_Female_L006_R2_001.fastq.gz	@LH00295:89:22JGCYLT3:6:1101:1092:1032 2:N:0:NAACGGGTCA+CGTCTTTCCT
Psil2_A104_NS_Female_L006_R1_001.fastq.gz	@LH00295:89:22JGCYLT3:6:1101:1684:1032 1:N:0:NAGATCTACA+TGAGCGACTT
Psil2_A104_NS_Female_L006_R2_001.fastq.gz	@LH00295:89:22JGCYLT3:6:1101:1684:1032 2:N:0:NAGATCTACA+TGAGCGACTT
Psil2_A105_NS_Female_L006_R1_001.fastq.gz	@LH00295:89:22JGCYLT3:6:1101:1444:1032 1:N:0:NACACTAAGC+TATAGGCTAC
Psil2_A105_NS_Female_L006_R2_001.fastq.gz	@LH00295:89:22JGCYLT3:6:1101:1444:1032 2:N:0:NACACTAAGC+TATAGGCTAC
Psil2_A106_NS_Female_L006_R1_001.fastq.gz	@LH00295:89:22JGCYLT3:6:1101:1962:1032 1:N:0:NAACAGGAAG+CATTGTTCTT
Psil2_A106_NS_Female_L006_R2_001.fastq.gz	@LH00295:89:22JGCYLT3:6:1101:1962:1032 2:N:0:NAACAGGAAG+CATTGTTCTT
Psil2_A107_NS_Female_L006_R1_001.fastq.gz	@LH00295:89:22JGCYLT3:6:1101:3275:1032 1:N:0:NACCGGTCGG+GTGTGCTGTA
Psil2_A107_NS_Female_L006_R2_001.fastq.gz	@LH00295:89:22JGCYLT3:6:1101:3275:1032 2:N:0:NACCGGTCGG+GTGTGCTGTA
Psil2_A108_NS_Female_L006_R1_001.fastq.gz	@LH00295:89:22JGCYLT3:6:1101:1388:1032 1:N:0:NAGGCGCGTA+ATTGACTTTA
Psil2_A108_NS_Female_L006_R2_001.fastq.gz	@LH00295:89:22JGCYLT3:6:1101:1388:1032 2:N:0:NAGGCGCGTA+ATTGACTTTA
Psil2_A109_K_Male_L006_R1_001.fastq.gz	@LH00295:89:22JGCYLT3:6:1101:1647:1032 1:N:0:NGTTACTGAT+CTCTTCAACA
Psil2_A109_K_Male_L006_R2_001.fastq.gz	@LH00295:89:22JGCYLT3:6:1101:1647:1032 2:N:0:NGTTACTGAT+CTCTTCAACA
Psil2_A10_High_Female_L008_R1_001.fastq.gz	@LH00295:87:22HVM7LT3:8:1101:1018:1032 1:N:0:CCGGCTAATG+CCAGATAAAG
Psil2_A10_High_Female_L008_R2_001.fastq.gz	@LH00295:87:22HVM7LT3:8:1101:1018:1032 2:N:0:CCGGCTAATG+CCAGATAAAG
Psil2_A110_K_Male_L006_R1_001.fastq.gz	@LH00295:89:22JGCYLT3:6:1101:1740:1032 1:N:0:NGGCCGAATA+CGCCAACTGT
Psil2_A110_K_Male_L006_R2_001.fastq.gz	@LH00295:89:22JGCYLT3:6:1101:1740:1032 2:N:0:NGGCCGAATA+CGCCAACTGT
Psil2_A111_K_Male_L006_R1_001.fastq.gz	@LH00295:89:22JGCYLT3:6:1101:2535:1032 1:N:0:NAGAACTACG+GCCACGATAG
Psil2_A111_K_Male_L006_R2_001.fastq.gz	@LH00295:89:22JGCYLT3:6:1101:2535:1032 2:N:0:NAGAACTACG+GCCACGATAG
Psil2_A112_K_Male_L006_R1_001.fastq.gz	@LH00295:89:22JGCYLT3:6:1101:1610:1032 1:N:0:NCTTCACTCG+GTTTGGCACG
Psil2_A112_K_Male_L006_R2_001.fastq.gz	@LH00295:89:22JGCYLT3:6:1101:1610:1032 2:N:0:NCTTCACTCG+GTTTGGCACG
Psil2_A113_K_Male_L006_R1_001.fastq.gz	@LH00295:89:22JGCYLT3:6:1101:1139:1048 1:N:0:CCCTAGTACT+AAGGTGTACT
Psil2_A113_K_Male_L006_R2_001.fastq.gz	@LH00295:89:22JGCYLT3:6:1101:1139:1048 2:N:0:CCCTAGTACT+AAGGTGTACT
Psil2_A114_K_Male_L006_R1_001.fastq.gz	@LH00295:89:22JGCYLT3:6:1101:1018:1032 1:N:0:NTAGGCCCTT+NGGCCTTCCA
Psil2_A114_K_Male_L006_R2_001.fastq.gz	@LH00295:89:22JGCYLT3:6:1101:1018:1032 2:N:0:NTAGGCCCTT+NGGCCTTCCA
Psil2_A115_K_Female_L006_R1_001.fastq.gz	@LH00295:89:22JGCYLT3:6:1101:1888:1032 1:N:0:NCGAATATGG+CAGCTTTACT
Psil2_A115_K_Female_L006_R2_001.fastq.gz	@LH00295:89:22JGCYLT3:6:1101:1888:1032 2:N:0:NCGAATATGG+CAGCTTTACT
Psil2_A116_K_Female_L006_R1_001.fastq.gz	@LH00295:89:22JGCYLT3:6:1101:1721:1032 1:N:0:NCAACTACTC+ATCAGAAGTT
Psil2_A116_K_Female_L006_R2_001.fastq.gz	@LH00295:89:22JGCYLT3:6:1101:1721:1032 2:N:0:NCAACTACTC+ATCAGAAGTT
Psil2_A117_K_Female_L006_R1_001.fastq.gz	@LH00295:89:22JGCYLT3:6:1101:2701:1032 1:N:0:NCGATGCGTT+CATAGGTGCA
Psil2_A117_K_Female_L006_R2_001.fastq.gz	@LH00295:89:22JGCYLT3:6:1101:2701:1032 2:N:0:NCGATGCGTT+CATAGGTGCA
Psil2_A118_K_Female_L006_R1_001.fastq.gz	@LH00295:89:22JGCYLT3:6:1101:2165:1032 1:N:0:NTCGGTGATC+ATCATCATCT
Psil2_A118_K_Female_L006_R2_001.fastq.gz	@LH00295:89:22JGCYLT3:6:1101:2165:1032 2:N:0:NTCGGTGATC+ATCATCATCT
Psil2_A119_K_Female_L006_R1_001.fastq.gz	@LH00295:89:22JGCYLT3:6:1101:2942:1032 1:N:0:NATTTGAAAT+ATCAGCGTAA
Psil2_A119_K_Female_L006_R2_001.fastq.gz	@LH00295:89:22JGCYLT3:6:1101:2942:1032 2:N:0:NATTTGAAAT+ATCAGCGTAA
Psil2_A11_High_Female_L008_R1_001.fastq.gz	@LH00295:87:22HVM7LT3:8:1101:1425:1032 1:N:0:ACTGGCCATA+TTCCGATCAA
Psil2_A11_High_Female_L008_R2_001.fastq.gz	@LH00295:87:22HVM7LT3:8:1101:1425:1032 2:N:0:ACTGGCCATA+TTCCGATCAA
Psil2_A120_K_Female_L006_R1_001.fastq.gz	@LH00295:89:22JGCYLT3:6:1101:1333:1032 1:N:0:NGCTCCATAA+CTCCTTTCAT
Psil2_A120_K_Female_L006_R2_001.fastq.gz	@LH00295:89:22JGCYLT3:6:1101:1333:1032 2:N:0:NGCTCCATAA+CTCCTTTCAT
Psil2_A121_K_High_Male_L006_R1_001.fastq.gz	@LH00295:89:22JGCYLT3:6:1101:4273:1032 1:N:0:NGGAATTCGG+TGCCTTATCG
Psil2_A121_K_High_Male_L006_R2_001.fastq.gz	@LH00295:89:22JGCYLT3:6:1101:4273:1032 2:N:0:NGGAATTCGG+TGCCTTATCG
Psil2_A122_K_High_Male_L006_R1_001.fastq.gz	@LH00295:89:22JGCYLT3:6:1101:1055:1032 1:N:0:NATCTATGTC+NTAGATTGTA
Psil2_A122_K_High_Male_L006_R2_001.fastq.gz	@LH00295:89:22JGCYLT3:6:1101:1055:1032 2:N:0:NATCTATGTC+NTAGATTGTA
Psil2_A123_K_High_Male_L006_R1_001.fastq.gz	@LH00295:89:22JGCYLT3:6:1101:1666:1032 1:N:0:NGCACCCGTT+GTACAACTTA
Psil2_A123_K_High_Male_L006_R2_001.fastq.gz	@LH00295:89:22JGCYLT3:6:1101:1666:1032 2:N:0:NGCACCCGTT+GTACAACTTA
Psil2_A124_K_High_Male_L006_R1_001.fastq.gz	@LH00295:89:22JGCYLT3:6:1101:2350:1032 1:N:0:NGCTGATGGG+CCGCAGCAGC
Psil2_A124_K_High_Male_L006_R2_001.fastq.gz	@LH00295:89:22JGCYLT3:6:1101:2350:1032 2:N:0:NGCTGATGGG+CCGCAGCAGC
Psil2_A125_K_High_Male_L006_R1_001.fastq.gz	@LH00295:89:22JGCYLT3:6:1101:1703:1032 1:N:0:NATCAATCAT+GACGTTGCAG
Psil2_A125_K_High_Male_L006_R2_001.fastq.gz	@LH00295:89:22JGCYLT3:6:1101:1703:1032 2:N:0:NATCAATCAT+GACGTTGCAG
Psil2_A126_K_High_Male_L006_R1_001.fastq.gz	@LH00295:89:22JGCYLT3:6:1101:1518:1032 1:N:0:NGTTCTGATC+ATTCCTTGTG
Psil2_A126_K_High_Male_L006_R2_001.fastq.gz	@LH00295:89:22JGCYLT3:6:1101:1518:1032 2:N:0:NGTTCTGATC+ATTCCTTGTG
Psil2_A127_K_High_Female_L006_R1_001.fastq.gz	@LH00295:89:22JGCYLT3:6:1101:1351:1032 1:N:0:NGGAGTTCCT+CCATATGACT
Psil2_A127_K_High_Female_L006_R2_001.fastq.gz	@LH00295:89:22JGCYLT3:6:1101:1351:1032 2:N:0:NGGAGTTCCT+CCATATGACT
Psil2_A128_K_High_Female_L006_R1_001.fastq.gz	@LH00295:89:22JGCYLT3:6:1101:1851:1032 1:N:0:NTTCCCGAGG+GACTTAGCTA
Psil2_A128_K_High_Female_L006_R2_001.fastq.gz	@LH00295:89:22JGCYLT3:6:1101:1851:1032 2:N:0:NTTCCCGAGG+GACTTAGCTA
Psil2_A129_K_High_Female_L006_R1_001.fastq.gz	@LH00295:89:22JGCYLT3:6:1101:1370:1032 1:N:0:NCAAACGTGG+TGACCCAAAC
Psil2_A129_K_High_Female_L006_R2_001.fastq.gz	@LH00295:89:22JGCYLT3:6:1101:1370:1032 2:N:0:NCAAACGTGG+TGACCCAAAC
Psil2_A12_High_Female_L008_R1_001.fastq.gz	@LH00295:87:22HVM7LT3:8:1101:1250:1016 1:N:0:TCGGTAGGTA+AGTATGATTA
Psil2_A12_High_Female_L008_R2_001.fastq.gz	@LH00295:87:22HVM7LT3:8:1101:1250:1016 2:N:0:TCGGTAGGTA+AGTATGATTA
Psil2_A130_K_High_Female_L006_R1_001.fastq.gz	@LH00295:89:22JGCYLT3:6:1101:1000:1032 1:N:0:NACACTTGCT+NCTTTCCGAT
Psil2_A130_K_High_Female_L006_R2_001.fastq.gz	@LH00295:89:22JGCYLT3:6:1101:1000:1032 2:N:0:NACACTTGCT+NCTTTCCGAT
Psil2_A131_K_High_Female_L007_R1_001.fastq.gz	@LH00295:89:22JGCYLT3:7:1101:3866:1032 1:N:0:NTGCACTCAG+TGCGAGGAAA
Psil2_A131_K_High_Female_L007_R2_001.fastq.gz	@LH00295:89:22JGCYLT3:7:1101:3866:1032 2:N:0:NTGCACTCAG+TGCGAGGAAA
Psil2_A132_K_High_Female_L007_R1_001.fastq.gz	@LH00295:89:22JGCYLT3:7:1101:6270:1032 1:N:0:NTATTGCAGC+TTGAATATTA
Psil2_A132_K_High_Female_L007_R2_001.fastq.gz	@LH00295:89:22JGCYLT3:7:1101:6270:1032 2:N:0:NTATTGCAGC+TTGAATATTA
Psil2_A133_K_Low_Male_L007_R1_001.fastq.gz	@LH00295:89:22JGCYLT3:7:1101:1758:1032 1:N:0:NCGACGAGGT+AGACAAGACG
Psil2_A133_K_Low_Male_L007_R2_001.fastq.gz	@LH00295:89:22JGCYLT3:7:1101:1758:1032 2:N:0:NCGACGAGGT+AGACAAGACG
Psil2_A134_K_Low_Male_L007_R1_001.fastq.gz	@LH00295:89:22JGCYLT3:7:1101:4107:1032 1:N:0:NCATGGTCGT+ATACACACGT
Psil2_A134_K_Low_Male_L007_R2_001.fastq.gz	@LH00295:89:22JGCYLT3:7:1101:4107:1032 2:N:0:NCATGGTCGT+ATACACACGT
Psil2_A135_K_Low_Male_L007_R1_001.fastq.gz	@LH00295:89:22JGCYLT3:7:1101:6104:1032 1:N:0:NACATCCGAG+GACTTGCGAA
Psil2_A135_K_Low_Male_L007_R2_001.fastq.gz	@LH00295:89:22JGCYLT3:7:1101:6104:1032 2:N:0:NACATCCGAG+GACTTGCGAA
Psil2_A136_K_Low_Male_L007_R1_001.fastq.gz	@LH00295:89:22JGCYLT3:7:1101:4846:1032 1:N:0:NGCGTCGCGC+TTCGCAACTC
Psil2_A136_K_Low_Male_L007_R2_001.fastq.gz	@LH00295:89:22JGCYLT3:7:1101:4846:1032 2:N:0:NGCGTCGCGC+TTCGCAACTC
Psil2_A137_K_Low_Male_L007_R1_001.fastq.gz	@LH00295:89:22JGCYLT3:7:1101:2664:1032 1:N:0:NTAAACAGTG+CGTAAACTTT
Psil2_A137_K_Low_Male_L007_R2_001.fastq.gz	@LH00295:89:22JGCYLT3:7:1101:2664:1032 2:N:0:NTAAACAGTG+CGTAAACTTT
Psil2_A138_K_Low_Male_L007_R1_001.fastq.gz	@LH00295:89:22JGCYLT3:7:1101:1481:1032 1:N:0:NACCGCATGG+CGATGCGTGT
Psil2_A138_K_Low_Male_L007_R2_001.fastq.gz	@LH00295:89:22JGCYLT3:7:1101:1481:1032 2:N:0:NACCGCATGG+CGATGCGTGT
Psil2_A139_K_Low_Female_L007_R1_001.fastq.gz	@LH00295:89:22JGCYLT3:7:1101:3459:1032 1:N:0:NTCCGTTTGT+TTGGCTTCAG
Psil2_A139_K_Low_Female_L007_R2_001.fastq.gz	@LH00295:89:22JGCYLT3:7:1101:3459:1032 2:N:0:NTCCGTTTGT+TTGGCTTCAG
Psil2_A13_Low_Male_L008_R1_001.fastq.gz	@LH00295:87:22HVM7LT3:8:1101:1407:1032 1:N:0:ACACTCGATG+AAACTACTGG
Psil2_A13_Low_Male_L008_R2_001.fastq.gz	@LH00295:87:22HVM7LT3:8:1101:1407:1032 2:N:0:ACACTCGATG+AAACTACTGG
Psil2_A140_K_Low_Female_L007_R1_001.fastq.gz	@LH00295:89:22JGCYLT3:7:1101:1462:1032 1:N:0:NCCGATCAGG+AGCTCTGGAC
Psil2_A140_K_Low_Female_L007_R2_001.fastq.gz	@LH00295:89:22JGCYLT3:7:1101:1462:1032 2:N:0:NCCGATCAGG+AGCTCTGGAC
Psil2_A141_K_Low_Female_L007_R1_001.fastq.gz	@LH00295:89:22JGCYLT3:7:1101:1666:1032 1:N:0:NAATACCTGA+AGCGGCCAAT
Psil2_A141_K_Low_Female_L007_R2_001.fastq.gz	@LH00295:89:22JGCYLT3:7:1101:1666:1032 2:N:0:NAATACCTGA+AGCGGCCAAT
Psil2_A142_K_Low_Female_L007_R1_001.fastq.gz	@LH00295:89:22JGCYLT3:7:1101:2202:1032 1:N:0:NCCGCCACCA+GACATGTGGG
Psil2_A142_K_Low_Female_L007_R2_001.fastq.gz	@LH00295:89:22JGCYLT3:7:1101:2202:1032 2:N:0:NCCGCCACCA+GACATGTGGG
Psil2_A143_K_Low_Female_L007_R1_001.fastq.gz	@LH00295:89:22JGCYLT3:7:1101:1129:1032 1:N:0:NCGCGATTGT+CACAAGCGGC
Psil2_A143_K_Low_Female_L007_R2_001.fastq.gz	@LH00295:89:22JGCYLT3:7:1101:1129:1032 2:N:0:NCGCGATTGT+CACAAGCGGC
Psil2_A144_K_Low_Female_L007_R1_001.fastq.gz	@LH00295:89:22JGCYLT3:7:1101:2886:1032 1:N:0:NCGATGGACA+CGTGTGTCGG
Psil2_A144_K_Low_Female_L007_R2_001.fastq.gz	@LH00295:89:22JGCYLT3:7:1101:2886:1032 2:N:0:NCGATGGACA+CGTGTGTCGG
Psil2_A145_High_Male_L007_R1_001.fastq.gz	@LH00295:89:22JGCYLT3:7:1101:1185:1032 1:N:0:NGTCGGTAGG+TGGTGATGAG
Psil2_A145_High_Male_L007_R2_001.fastq.gz	@LH00295:89:22JGCYLT3:7:1101:1185:1032 2:N:0:NGTCGGTAGG+TGGTGATGAG
Psil2_A146_High_Male_L007_R1_001.fastq.gz	@LH00295:89:22JGCYLT3:7:1101:4661:1032 1:N:0:NGCTGCACAT+AAGTCCATTT
Psil2_A146_High_Male_L007_R2_001.fastq.gz	@LH00295:89:22JGCYLT3:7:1101:4661:1032 2:N:0:NGCTGCACAT+AAGTCCATTT
Psil2_A147_High_Male_L007_R1_001.fastq.gz	@LH00295:89:22JGCYLT3:7:1101:4939:1032 1:N:0:NAATGGTGAG+CGTCAATCCG
Psil2_A147_High_Male_L007_R2_001.fastq.gz	@LH00295:89:22JGCYLT3:7:1101:4939:1032 2:N:0:NAATGGTGAG+CGTCAATCCG
Psil2_A148_High_Male_L007_R1_001.fastq.gz	@LH00295:89:22JGCYLT3:7:1101:2553:1032 1:N:0:NTTAAACCAT+ATTCCTCACT
Psil2_A148_High_Male_L007_R2_001.fastq.gz	@LH00295:89:22JGCYLT3:7:1101:2553:1032 2:N:0:NTTAAACCAT+ATTCCTCACT
Psil2_A149_High_Male_L007_R1_001.fastq.gz	@LH00295:89:22JGCYLT3:7:1101:1592:1032 1:N:0:NAGTGCATTA+GCAGGATTAG
Psil2_A149_High_Male_L007_R2_001.fastq.gz	@LH00295:89:22JGCYLT3:7:1101:1592:1032 2:N:0:NAGTGCATTA+GCAGGATTAG
Psil2_A14_Low_Male_L008_R1_001.fastq.gz	@LH00295:87:22HVM7LT3:8:1101:1666:1032 1:N:0:AGCCGTCGGG+CAGTATACCG
Psil2_A14_Low_Male_L008_R2_001.fastq.gz	@LH00295:87:22HVM7LT3:8:1101:1666:1032 2:N:0:AGCCGTCGGG+CAGTATACCG
Psil2_A150_High_Male_L007_R1_001.fastq.gz	@LH00295:89:22JGCYLT3:7:1101:1925:1032 1:N:0:NCACGGGCCA+GTTGACCGTT
Psil2_A150_High_Male_L007_R2_001.fastq.gz	@LH00295:89:22JGCYLT3:7:1101:1925:1032 2:N:0:NCACGGGCCA+GTTGACCGTT
Psil2_A151_High_Female_L007_R1_001.fastq.gz	@LH00295:89:22JGCYLT3:7:1101:1370:1032 1:N:0:NGCAGCTTGA+TGGTTAGGGC
Psil2_A151_High_Female_L007_R2_001.fastq.gz	@LH00295:89:22JGCYLT3:7:1101:1370:1032 2:N:0:NGCAGCTTGA+TGGTTAGGGC
Psil2_A152_High_Female_L007_R1_001.fastq.gz	@LH00295:89:22JGCYLT3:7:1101:1499:1032 1:N:0:NCAAGGAGCT+TCCATCTGTA
Psil2_A152_High_Female_L007_R2_001.fastq.gz	@LH00295:89:22JGCYLT3:7:1101:1499:1032 2:N:0:NCAAGGAGCT+TCCATCTGTA
Psil2_A153_High_Female_L007_R1_001.fastq.gz	@LH00295:89:22JGCYLT3:7:1101:3108:1032 1:N:0:NTTGGATGTG+CTTAAGGGAC
Psil2_A153_High_Female_L007_R2_001.fastq.gz	@LH00295:89:22JGCYLT3:7:1101:3108:1032 2:N:0:NTTGGATGTG+CTTAAGGGAC
Psil2_A154_High_Female_L007_R1_001.fastq.gz	@LH00295:89:22JGCYLT3:7:1101:1148:1032 1:N:0:NGTACGCTAA+GACGCGTGCG
Psil2_A154_High_Female_L007_R2_001.fastq.gz	@LH00295:89:22JGCYLT3:7:1101:1148:1032 2:N:0:NGTACGCTAA+GACGCGTGCG
Psil2_A155_High_Female_L007_R1_001.fastq.gz	@LH00295:89:22JGCYLT3:7:1101:2794:1032 1:N:0:NTGTGAGCTA+AAATATTGAA
Psil2_A155_High_Female_L007_R2_001.fastq.gz	@LH00295:89:22JGCYLT3:7:1101:2794:1032 2:N:0:NTGTGAGCTA+AAATATTGAA
Psil2_A156_High_Female_L007_R1_001.fastq.gz	@LH00295:89:22JGCYLT3:7:1101:1018:1032 1:N:0:NACTCCCAGA+NCTTTGTTCA
Psil2_A156_High_Female_L007_R2_001.fastq.gz	@LH00295:89:22JGCYLT3:7:1101:1018:1032 2:N:0:NACTCCCAGA+NCTTTGTTCA
Psil2_A157_Low_Male_L007_R1_001.fastq.gz	@LH00295:89:22JGCYLT3:7:1101:2220:1032 1:N:0:NGGAACATAA+TCAGCACTGG
Psil2_A157_Low_Male_L007_R2_001.fastq.gz	@LH00295:89:22JGCYLT3:7:1101:2220:1032 2:N:0:NGGAACATAA+TCAGCACTGG
Psil2_A158_Low_Male_L007_R1_001.fastq.gz	@LH00295:89:22JGCYLT3:7:1101:4051:1032 1:N:0:NCCTGCCACA+TCTCGTTCCT
Psil2_A158_Low_Male_L007_R2_001.fastq.gz	@LH00295:89:22JGCYLT3:7:1101:4051:1032 2:N:0:NCCTGCCACA+TCTCGTTCCT
Psil2_A159_Low_Male_L007_R1_001.fastq.gz	@LH00295:89:22JGCYLT3:7:1101:4532:1032 1:N:0:NATGGATAAC+CGATGTGATA
Psil2_A159_Low_Male_L007_R2_001.fastq.gz	@LH00295:89:22JGCYLT3:7:1101:4532:1032 2:N:0:NATGGATAAC+CGATGTGATA
Psil2_A15_Low_Male_L008_R1_001.fastq.gz	@LH00295:87:22HVM7LT3:8:1101:1851:1032 1:N:0:CTGGACCTAT+AGAACAATTC
Psil2_A15_Low_Male_L008_R2_001.fastq.gz	@LH00295:87:22HVM7LT3:8:1101:1851:1032 2:N:0:CTGGACCTAT+AGAACAATTC
Psil2_A160_Low_Male_L007_R1_001.fastq.gz	@LH00295:89:22JGCYLT3:7:1101:2073:1032 1:N:0:NTCAACTATG+AATTCCAACT
Psil2_A160_Low_Male_L007_R2_001.fastq.gz	@LH00295:89:22JGCYLT3:7:1101:2073:1032 2:N:0:NTCAACTATG+AATTCCAACT
Psil2_A161_Low_Male_L007_R1_001.fastq.gz	@LH00295:89:22JGCYLT3:7:1101:1425:1032 1:N:0:NGACCTAAAT+CTATGTGCTG
Psil2_A161_Low_Male_L007_R2_001.fastq.gz	@LH00295:89:22JGCYLT3:7:1101:1425:1032 2:N:0:NGACCTAAAT+CTATGTGCTG
Psil2_A162_Low_Male_L007_R1_001.fastq.gz	@LH00295:89:22JGCYLT3:7:1101:1074:1032 1:N:0:NGACCCGCTA+NTTGTGTGAG
Psil2_A162_Low_Male_L007_R2_001.fastq.gz	@LH00295:89:22JGCYLT3:7:1101:1074:1032 2:N:0:NGACCCGCTA+NTTGTGTGAG
Psil2_A163_Low_Female_L007_R1_001.fastq.gz	@LH00295:89:22JGCYLT3:7:1101:2479:1032 1:N:0:NCATCGGAGC+GATAATACAA
Psil2_A163_Low_Female_L007_R2_001.fastq.gz	@LH00295:89:22JGCYLT3:7:1101:2479:1032 2:N:0:NCATCGGAGC+GATAATACAA
Psil2_A164_Low_Female_L007_R1_001.fastq.gz	@LH00295:89:22JGCYLT3:7:1101:2775:1032 1:N:0:NGTTGTCGTA+ATCATTGTTC
Psil2_A164_Low_Female_L007_R2_001.fastq.gz	@LH00295:89:22JGCYLT3:7:1101:2775:1032 2:N:0:NGTTGTCGTA+ATCATTGTTC
Psil2_A165_Low_Female_L007_R1_001.fastq.gz	@LH00295:89:22JGCYLT3:7:1101:4551:1032 1:N:0:NCGACACCTG+GTTTGGTGGA
Psil2_A165_Low_Female_L007_R2_001.fastq.gz	@LH00295:89:22JGCYLT3:7:1101:4551:1032 2:N:0:NCGACACCTG+GTTTGGTGGA
Psil2_A166_Low_Female_L007_R1_001.fastq.gz	@LH00295:89:22JGCYLT3:7:1101:1111:1032 1:N:0:NCTCAAAGTT+NGAGCCGCGT
Psil2_A166_Low_Female_L007_R2_001.fastq.gz	@LH00295:89:22JGCYLT3:7:1101:1111:1032 2:N:0:NCTCAAAGTT+NGAGCCGCGT
Psil2_A167_Low_Female_L007_R1_001.fastq.gz	@LH00295:89:22JGCYLT3:7:1101:1647:1032 1:N:0:NCGACGGCAT+TATATATGAC
Psil2_A167_Low_Female_L007_R2_001.fastq.gz	@LH00295:89:22JGCYLT3:7:1101:1647:1032 2:N:0:NCGACGGCAT+TATATATGAC
Psil2_A168_Low_Female_L007_R1_001.fastq.gz	@LH00295:89:22JGCYLT3:7:1101:1629:1032 1:N:0:NGCGCTCTAG+ACTGTTGGGA
Psil2_A168_Low_Female_L007_R2_001.fastq.gz	@LH00295:89:22JGCYLT3:7:1101:1629:1032 2:N:0:NGCGCTCTAG+ACTGTTGGGA
Psil2_A169_NS_Male_L007_R1_001.fastq.gz	@LH00295:89:22JGCYLT3:7:1101:2646:1032 1:N:0:NATAATGGCA+CAGAAAGCGT
Psil2_A169_NS_Male_L007_R2_001.fastq.gz	@LH00295:89:22JGCYLT3:7:1101:2646:1032 2:N:0:NATAATGGCA+CAGAAAGCGT
Psil2_A16_Low_Male_L008_R1_001.fastq.gz	@LH00295:87:22HVM7LT3:8:1101:1277:1032 1:N:0:AGAAGCATCT+TAGTGTGGAA
Psil2_A16_Low_Male_L008_R2_001.fastq.gz	@LH00295:87:22HVM7LT3:8:1101:1277:1032 2:N:0:AGAAGCATCT+TAGTGTGGAA
Psil2_A170_NS_Male_L007_R1_001.fastq.gz	@LH00295:89:22JGCYLT3:7:1101:1814:1032 1:N:0:NAACACCCTC+AGCGTATTGG
Psil2_A170_NS_Male_L007_R2_001.fastq.gz	@LH00295:89:22JGCYLT3:7:1101:1814:1032 2:N:0:NAACACCCTC+AGCGTATTGG
Psil2_A171_NS_Male_L007_R1_001.fastq.gz	@LH00295:89:22JGCYLT3:7:1101:1388:1032 1:N:0:NGTCTTCCGG+TCTATTGCCA
Psil2_A171_NS_Male_L007_R2_001.fastq.gz	@LH00295:89:22JGCYLT3:7:1101:1388:1032 2:N:0:NGTCTTCCGG+TCTATTGCCA
Psil2_A172_NS_Male_L007_R1_001.fastq.gz	@LH00295:89:22JGCYLT3:7:1101:2683:1032 1:N:0:NGCCAAACCG+CATTGTTGGA
Psil2_A172_NS_Male_L007_R2_001.fastq.gz	@LH00295:89:22JGCYLT3:7:1101:2683:1032 2:N:0:NGCCAAACCG+CATTGTTGGA
Psil2_A173_NS_Male_L007_R1_001.fastq.gz	@LH00295:89:22JGCYLT3:7:1101:1092:1032 1:N:0:NAACCCTGAG+NCCGGATGCA
Psil2_A173_NS_Male_L007_R2_001.fastq.gz	@LH00295:89:22JGCYLT3:7:1101:1092:1032 2:N:0:NAACCCTGAG+NCCGGATGCA
Psil2_A174_NS_Male_L008_R1_001.fastq.gz	@LH00295:89:22JGCYLT3:8:1101:1240:1064 1:N:0:AATAGCAACA+TAATCGTTAG
Psil2_A174_NS_Male_L008_R2_001.fastq.gz	@LH00295:89:22JGCYLT3:8:1101:1240:1064 2:N:0:AATAGCAACA+TAATCGTTAG
Psil2_A175_NS_Female_L008_R1_001.fastq.gz	@LH00295:89:22JGCYLT3:8:1101:1000:1064 1:N:0:GNCGGGATGG+NCTCACACAG
Psil2_A175_NS_Female_L008_R2_001.fastq.gz	@LH00295:89:22JGCYLT3:8:1101:1000:1064 2:N:0:GNCGGGATGG+NCTCACACAG
Psil2_A176_NS_Female_L008_R1_001.fastq.gz	@LH00295:89:22JGCYLT3:8:1101:2979:1064 1:N:0:ATCTGGCAGG+ATACCATCGC
Psil2_A176_NS_Female_L008_R2_001.fastq.gz	@LH00295:89:22JGCYLT3:8:1101:2979:1064 2:N:0:ATCTGGCAGG+ATACCATCGC
Psil2_A177_NS_Female_L008_R1_001.fastq.gz	@LH00295:89:22JGCYLT3:8:1101:3589:1064 1:N:0:GGTAAAGGTA+GATTTGGTGC
Psil2_A177_NS_Female_L008_R2_001.fastq.gz	@LH00295:89:22JGCYLT3:8:1101:3589:1064 2:N:0:GGTAAAGGTA+GATTTGGTGC
Psil2_A178_NS_Female_L008_R1_001.fastq.gz	@LH00295:89:22JGCYLT3:8:1101:1055:1064 1:N:0:GCCGGGAAAC+NAGCCACTAC
Psil2_A178_NS_Female_L008_R2_001.fastq.gz	@LH00295:89:22JGCYLT3:8:1101:1055:1064 2:N:0:GCCGGGAAAC+NAGCCACTAC
Psil2_A179_NS_Female_L008_R1_001.fastq.gz	@LH00295:89:22JGCYLT3:8:1101:1314:1064 1:N:0:GTAAAGACCA+TGACGCGGCA
Psil2_A179_NS_Female_L008_R2_001.fastq.gz	@LH00295:89:22JGCYLT3:8:1101:1314:1064 2:N:0:GTAAAGACCA+TGACGCGGCA
Psil2_A17_Low_Male_L008_R1_001.fastq.gz	@LH00295:87:22HVM7LT3:8:1101:1481:1032 1:N:0:CGCATAGTTT+CGTGTATGTG
Psil2_A17_Low_Male_L008_R2_001.fastq.gz	@LH00295:87:22HVM7LT3:8:1101:1481:1032 2:N:0:CGCATAGTTT+CGTGTATGTG
Psil2_A180_NS_Female_L008_R1_001.fastq.gz	@LH00295:89:22JGCYLT3:8:1101:1462:1064 1:N:0:GTATATTAGT+TATCTGCGCG
Psil2_A180_NS_Female_L008_R2_001.fastq.gz	@LH00295:89:22JGCYLT3:8:1101:1462:1064 2:N:0:GTATATTAGT+TATCTGCGCG
Psil2_A181_K_Male_L008_R1_001.fastq.gz	@LH00295:89:22JGCYLT3:8:1101:4717:1064 1:N:0:CAAGTCGCCG+CGAGTGAGCT
Psil2_A181_K_Male_L008_R2_001.fastq.gz	@LH00295:89:22JGCYLT3:8:1101:4717:1064 2:N:0:CAAGTCGCCG+CGAGTGAGCT
Psil2_A182_K_Male_L008_R1_001.fastq.gz	@LH00295:89:22JGCYLT3:8:1101:4957:1064 1:N:0:GGCTTCAGTG+CAGGACCAAA
Psil2_A182_K_Male_L008_R2_001.fastq.gz	@LH00295:89:22JGCYLT3:8:1101:4957:1064 2:N:0:GGCTTCAGTG+CAGGACCAAA
Psil2_A183_K_Male_L008_R1_001.fastq.gz	@LH00295:89:22JGCYLT3:8:1101:4994:1064 1:N:0:ACCGTACACA+CCCGGAAGAC
Psil2_A183_K_Male_L008_R2_001.fastq.gz	@LH00295:89:22JGCYLT3:8:1101:4994:1064 2:N:0:ACCGTACACA+CCCGGAAGAC
Psil2_A184_K_Male_L008_R1_001.fastq.gz	@LH00295:89:22JGCYLT3:8:1101:1925:1064 1:N:0:TATCCCAAAG+GAAGGTATAT
Psil2_A184_K_Male_L008_R2_001.fastq.gz	@LH00295:89:22JGCYLT3:8:1101:1925:1064 2:N:0:TATCCCAAAG+GAAGGTATAT
Psil2_A185_K_Male_L008_R1_001.fastq.gz	@LH00295:89:22JGCYLT3:8:1101:1851:1064 1:N:0:AACAATTCGA+TTTCCAGCAT
Psil2_A185_K_Male_L008_R2_001.fastq.gz	@LH00295:89:22JGCYLT3:8:1101:1851:1064 2:N:0:AACAATTCGA+TTTCCAGCAT
Psil2_A186_K_Male_L008_R1_001.fastq.gz	@LH00295:89:22JGCYLT3:8:1101:1370:1064 1:N:0:GGAACTGCTG+GCGTGTATTT
Psil2_A186_K_Male_L008_R2_001.fastq.gz	@LH00295:89:22JGCYLT3:8:1101:1370:1064 2:N:0:GGAACTGCTG+GCGTGTATTT
Psil2_A187_K_Female_L008_R1_001.fastq.gz	@LH00295:89:22JGCYLT3:8:1101:1481:1064 1:N:0:AGGACGCCCT+ACATCAATAG
Psil2_A187_K_Female_L008_R2_001.fastq.gz	@LH00295:89:22JGCYLT3:8:1101:1481:1064 2:N:0:AGGACGCCCT+ACATCAATAG
Psil2_A188_K_Female_L008_R1_001.fastq.gz	@LH00295:89:22JGCYLT3:8:1101:5253:1064 1:N:0:ATTGTTAGCG+GATTCCGGCT
Psil2_A188_K_Female_L008_R2_001.fastq.gz	@LH00295:89:22JGCYLT3:8:1101:5253:1064 2:N:0:ATTGTTAGCG+GATTCCGGCT
Psil2_A189_K_Female_L008_R1_001.fastq.gz	@LH00295:89:22JGCYLT3:8:1101:1740:1064 1:N:0:AAATTCGGCA+GCAGCTGGGA
Psil2_A189_K_Female_L008_R2_001.fastq.gz	@LH00295:89:22JGCYLT3:8:1101:1740:1064 2:N:0:AAATTCGGCA+GCAGCTGGGA
Psil2_A18_Low_Male_L008_R1_001.fastq.gz	@LH00295:87:22HVM7LT3:8:1101:1176:1016 1:N:0:AATTGTGCGC+CACACCATGA
Psil2_A18_Low_Male_L008_R2_001.fastq.gz	@LH00295:87:22HVM7LT3:8:1101:1176:1016 2:N:0:AATTGTGCGC+CACACCATGA
Psil2_A190_K_Female_L008_R1_001.fastq.gz	@LH00295:89:22JGCYLT3:8:1101:2165:1064 1:N:0:CCGCGTACGA+CCTGATAACT
Psil2_A190_K_Female_L008_R2_001.fastq.gz	@LH00295:89:22JGCYLT3:8:1101:2165:1064 2:N:0:CCGCGTACGA+CCTGATAACT
Psil2_A191_K_Female_L008_R1_001.fastq.gz	@LH00295:89:22JGCYLT3:8:1101:1721:1064 1:N:0:AACCTTATCG+TCCTTGGTTC
Psil2_A191_K_Female_L008_R2_001.fastq.gz	@LH00295:89:22JGCYLT3:8:1101:1721:1064 2:N:0:AACCTTATCG+TCCTTGGTTC
Psil2_A192_K_Female_L008_R1_001.fastq.gz	@LH00295:89:22JGCYLT3:8:1101:1444:1064 1:N:0:TATTCACTCT+GCAGTCGTCA
Psil2_A192_K_Female_L008_R2_001.fastq.gz	@LH00295:89:22JGCYLT3:8:1101:1444:1064 2:N:0:TATTCACTCT+GCAGTCGTCA
Psil2_A193_K_High_Male_L008_R1_001.fastq.gz	@LH00295:89:22JGCYLT3:8:1101:1037:1064 1:N:0:GCCCTCCGCT+NATGTGAGCG
Psil2_A193_K_High_Male_L008_R2_001.fastq.gz	@LH00295:89:22JGCYLT3:8:1101:1037:1064 2:N:0:GCCCTCCGCT+NATGTGAGCG
Psil2_A194_K_High_Male_L008_R1_001.fastq.gz	@LH00295:89:22JGCYLT3:8:1101:1407:1064 1:N:0:ATAACGAAGG+GTCTATATAG
Psil2_A194_K_High_Male_L008_R2_001.fastq.gz	@LH00295:89:22JGCYLT3:8:1101:1407:1064 2:N:0:ATAACGAAGG+GTCTATATAG
Psil2_A195_K_High_Male_L008_R1_001.fastq.gz	@LH00295:89:22JGCYLT3:8:1101:1573:1064 1:N:0:AAATTCTTTC+CAAGTTAATA
Psil2_A195_K_High_Male_L008_R2_001.fastq.gz	@LH00295:89:22JGCYLT3:8:1101:1573:1064 2:N:0:AAATTCTTTC+CAAGTTAATA
Psil2_A196_K_High_Male_L008_R1_001.fastq.gz	@LH00295:89:22JGCYLT3:8:1101:4033:1064 1:N:0:ACTGTAGCCT+ATCCGGACTT
Psil2_A196_K_High_Male_L008_R2_001.fastq.gz	@LH00295:89:22JGCYLT3:8:1101:4033:1064 2:N:0:ACTGTAGCCT+ATCCGGACTT
Psil2_A197_K_High_Male_L008_R1_001.fastq.gz	@LH00295:89:22JGCYLT3:8:1101:2276:1064 1:N:0:ACGCAATCGT+ACTGACGGCG
Psil2_A197_K_High_Male_L008_R2_001.fastq.gz	@LH00295:89:22JGCYLT3:8:1101:2276:1064 2:N:0:ACGCAATCGT+ACTGACGGCG
Psil2_A198_K_High_Male_L008_R1_001.fastq.gz	@LH00295:89:22JGCYLT3:8:1101:1129:1064 1:N:0:TGGATCCTTA+AATCGGGCCT
Psil2_A198_K_High_Male_L008_R2_001.fastq.gz	@LH00295:89:22JGCYLT3:8:1101:1129:1064 2:N:0:TGGATCCTTA+AATCGGGCCT
Psil2_A199_K_High_Female_L008_R1_001.fastq.gz	@LH00295:89:22JGCYLT3:8:1101:1018:1064 1:N:0:GCACCTGACT+NGTTTGTGCG
Psil2_A199_K_High_Female_L008_R2_001.fastq.gz	@LH00295:89:22JGCYLT3:8:1101:1018:1064 2:N:0:GCACCTGACT+NGTTTGTGCG
Psil2_A19_Low_Female_L008_R1_001.fastq.gz	@LH00295:87:22HVM7LT3:8:1101:3533:1032 1:N:0:GTAGGTATTC+CTACCATGGA
Psil2_A19_Low_Female_L008_R2_001.fastq.gz	@LH00295:87:22HVM7LT3:8:1101:3533:1032 2:N:0:GTAGGTATTC+CTACCATGGA
Psil2_A1_High_Male_L008_R1_001.fastq.gz	@LH00295:87:22HVM7LT3:8:1101:1102:1016 1:N:0:CCATGGGACG+GCAGAGTCTA
Psil2_A1_High_Male_L008_R2_001.fastq.gz	@LH00295:87:22HVM7LT3:8:1101:1102:1016 2:N:0:CCATGGGACG+GCAGAGTCTA
Psil2_A200_K_High_Female_L008_R1_001.fastq.gz	@LH00295:89:22JGCYLT3:8:1101:1999:1064 1:N:0:GGTTTCTGGC+CGACTTGAGC
Psil2_A200_K_High_Female_L008_R2_001.fastq.gz	@LH00295:89:22JGCYLT3:8:1101:1999:1064 2:N:0:GGTTTCTGGC+CGACTTGAGC
Psil2_A201_K_High_Female_L008_R1_001.fastq.gz	@LH00295:89:22JGCYLT3:8:1101:1943:1064 1:N:0:TTGTCCGGTG+GACCCGAGGC
Psil2_A201_K_High_Female_L008_R2_001.fastq.gz	@LH00295:89:22JGCYLT3:8:1101:1943:1064 2:N:0:TTGTCCGGTG+GACCCGAGGC
Psil2_A202_K_High_Female_L008_R1_001.fastq.gz	@LH00295:89:22JGCYLT3:8:1101:2683:1064 1:N:0:CAACAGTGCA+AGATCTGTGG
Psil2_A202_K_High_Female_L008_R2_001.fastq.gz	@LH00295:89:22JGCYLT3:8:1101:2683:1064 2:N:0:CAACAGTGCA+AGATCTGTGG
Psil2_A203_K_High_Female_L008_R1_001.fastq.gz	@LH00295:89:22JGCYLT3:8:1101:3330:1064 1:N:0:GCGCTTCTTA+CATGAATATA
Psil2_A203_K_High_Female_L008_R2_001.fastq.gz	@LH00295:89:22JGCYLT3:8:1101:3330:1064 2:N:0:GCGCTTCTTA+CATGAATATA
Psil2_A204_K_High_Female_L008_R1_001.fastq.gz	@LH00295:89:22JGCYLT3:8:1101:3459:1064 1:N:0:CTTCCCAATT+TCGTACGTTT
Psil2_A204_K_High_Female_L008_R2_001.fastq.gz	@LH00295:89:22JGCYLT3:8:1101:3459:1064 2:N:0:CTTCCCAATT+TCGTACGTTT
Psil2_A205_K_Low_Male_L008_R1_001.fastq.gz	@LH00295:89:22JGCYLT3:8:1101:1074:1064 1:N:0:GTTGACGTCG+NCAAAGGAGT
Psil2_A205_K_Low_Male_L008_R2_001.fastq.gz	@LH00295:89:22JGCYLT3:8:1101:1074:1064 2:N:0:GTTGACGTCG+NCAAAGGAGT
Psil2_A206_K_Low_Male_L008_R1_001.fastq.gz	@LH00295:89:22JGCYLT3:8:1101:1296:1064 1:N:0:GACAAGTCCG+AGCCGGCAGC
Psil2_A206_K_Low_Male_L008_R2_001.fastq.gz	@LH00295:89:22JGCYLT3:8:1101:1296:1064 2:N:0:GACAAGTCCG+AGCCGGCAGC
Psil2_A207_K_Low_Male_L008_R1_001.fastq.gz	@LH00295:89:22JGCYLT3:8:1101:1647:1064 1:N:0:ACAGTTACCT+GAACTGCCGG
Psil2_A207_K_Low_Male_L008_R2_001.fastq.gz	@LH00295:89:22JGCYLT3:8:1101:1647:1064 2:N:0:ACAGTTACCT+GAACTGCCGG
Psil2_A208_K_Low_Male_L008_R1_001.fastq.gz	@LH00295:89:22JGCYLT3:8:1101:2202:1064 1:N:0:ATAGCGTGTA+TGCATTCCCT
Psil2_A208_K_Low_Male_L008_R2_001.fastq.gz	@LH00295:89:22JGCYLT3:8:1101:2202:1064 2:N:0:ATAGCGTGTA+TGCATTCCCT
Psil2_A209_K_Low_Male_L008_R1_001.fastq.gz	@LH00295:89:22JGCYLT3:8:1101:5401:1064 1:N:0:ACAACATTCA+GTCTGCGTGC
Psil2_A209_K_Low_Male_L008_R2_001.fastq.gz	@LH00295:89:22JGCYLT3:8:1101:5401:1064 2:N:0:ACAACATTCA+GTCTGCGTGC
Psil2_A20_Low_Female_L008_R1_001.fastq.gz	@LH00295:87:22HVM7LT3:8:1101:5142:1032 1:N:0:TCGGGCCCAA+CGCCAAACAA
Psil2_A20_Low_Female_L008_R2_001.fastq.gz	@LH00295:87:22HVM7LT3:8:1101:5142:1032 2:N:0:TCGGGCCCAA+CGCCAAACAA
Psil2_A211_K_Low_Female_L008_R1_001.fastq.gz	@LH00295:89:22JGCYLT3:8:1101:1388:1064 1:N:0:TCCGGGTGAG+CTGCGATGAG
Psil2_A211_K_Low_Female_L008_R2_001.fastq.gz	@LH00295:89:22JGCYLT3:8:1101:1388:1064 2:N:0:TCCGGGTGAG+CTGCGATGAG
Psil2_A212_K_Low_Female_L008_R1_001.fastq.gz	@LH00295:89:22JGCYLT3:8:1101:3385:1064 1:N:0:ACCGACCTTG+ACCCGGAACT
Psil2_A212_K_Low_Female_L008_R2_001.fastq.gz	@LH00295:89:22JGCYLT3:8:1101:3385:1064 2:N:0:ACCGACCTTG+ACCCGGAACT
Psil2_A213_K_Low_Female_L008_R1_001.fastq.gz	@LH00295:89:22JGCYLT3:8:1101:2572:1064 1:N:0:CTACAGTGTT+TCTTGAGGAT
Psil2_A213_K_Low_Female_L008_R2_001.fastq.gz	@LH00295:89:22JGCYLT3:8:1101:2572:1064 2:N:0:CTACAGTGTT+TCTTGAGGAT
Psil2_A214_K_Low_Female_L008_R1_001.fastq.gz	@LH00295:89:22JGCYLT3:8:1101:4384:1064 1:N:0:ACCGAGACTA+CTCCTTGTTT
Psil2_A214_K_Low_Female_L008_R2_001.fastq.gz	@LH00295:89:22JGCYLT3:8:1101:4384:1064 2:N:0:ACCGAGACTA+CTCCTTGTTT
Psil2_A215_K_Low_Female_L008_R1_001.fastq.gz	@LH00295:89:22JGCYLT3:8:1101:2313:1064 1:N:0:ATAAATATAG+GTTGTTTATA
Psil2_A215_K_Low_Female_L008_R2_001.fastq.gz	@LH00295:89:22JGCYLT3:8:1101:2313:1064 2:N:0:ATAAATATAG+GTTGTTTATA
Psil2_A216_K_Low_Female_L008_R1_001.fastq.gz	@LH00295:89:22JGCYLT3:8:1101:2110:1064 1:N:0:GAGTTCCTAC+AGAATGTACA
Psil2_A216_K_Low_Female_L008_R2_001.fastq.gz	@LH00295:89:22JGCYLT3:8:1101:2110:1064 2:N:0:GAGTTCCTAC+AGAATGTACA
Psil2_A21_Low_Female_L008_R1_001.fastq.gz	@LH00295:87:22HVM7LT3:8:1101:1777:1032 1:N:0:TACACATCTG+TAATGAACCT
Psil2_A21_Low_Female_L008_R2_001.fastq.gz	@LH00295:87:22HVM7LT3:8:1101:1777:1032 2:N:0:TACACATCTG+TAATGAACCT
Psil2_A22_Low_Female_L008_R1_001.fastq.gz	@LH00295:87:22HVM7LT3:8:1101:1065:1016 1:N:0:TGAATCTCAG+AACCTCTGCA
Psil2_A22_Low_Female_L008_R2_001.fastq.gz	@LH00295:87:22HVM7LT3:8:1101:1065:1016 2:N:0:TGAATCTCAG+AACCTCTGCA
Psil2_A23_Low_Female_L008_R1_001.fastq.gz	@LH00295:87:22HVM7LT3:8:1101:1416:1016 1:N:0:CCATATATCA+CAGAGTTGTG
Psil2_A23_Low_Female_L008_R2_001.fastq.gz	@LH00295:87:22HVM7LT3:8:1101:1416:1016 2:N:0:CCATATATCA+CAGAGTTGTG
Psil2_A24_Low_Female_L008_R1_001.fastq.gz	@LH00295:87:22HVM7LT3:8:1101:3385:1032 1:N:0:TGAGAGATCG+CGTCATAGCG
Psil2_A24_Low_Female_L008_R2_001.fastq.gz	@LH00295:87:22HVM7LT3:8:1101:3385:1032 2:N:0:TGAGAGATCG+CGTCATAGCG
Psil2_A25_NS_Male_L008_R1_001.fastq.gz	@LH00295:87:22HVM7LT3:8:1101:1730:1016 1:N:0:TGGCCAGGGC+AATCATACGT
Psil2_A25_NS_Male_L008_R2_001.fastq.gz	@LH00295:87:22HVM7LT3:8:1101:1730:1016 2:N:0:TGGCCAGGGC+AATCATACGT
Psil2_A26_NS_Male_L008_R1_001.fastq.gz	@LH00295:87:22HVM7LT3:8:1101:5438:1032 1:N:0:GACTTCGGTG+TCCATGTCTT
Psil2_A26_NS_Male_L008_R2_001.fastq.gz	@LH00295:87:22HVM7LT3:8:1101:5438:1032 2:N:0:GACTTCGGTG+TCCATGTCTT
Psil2_A27_NS_Male_L008_R1_001.fastq.gz	@LH00295:87:22HVM7LT3:8:1101:1139:1016 1:N:0:GACTGAGGAG+TGCCTGTGCT
Psil2_A27_NS_Male_L008_R2_001.fastq.gz	@LH00295:87:22HVM7LT3:8:1101:1139:1016 2:N:0:GACTGAGGAG+TGCCTGTGCT
Psil2_A28_NS_Male_L008_R1_001.fastq.gz	@LH00295:87:22HVM7LT3:8:1101:2775:1032 1:N:0:CATCTAATCG+ATCATGGCCG
Psil2_A28_NS_Male_L008_R2_001.fastq.gz	@LH00295:87:22HVM7LT3:8:1101:2775:1032 2:N:0:CATCTAATCG+ATCATGGCCG
Psil2_A29_NS_Male_L008_R1_001.fastq.gz	@LH00295:87:22HVM7LT3:8:1101:2119:1016 1:N:0:TCCTCGGAAC+TCAAGAGCGA
Psil2_A29_NS_Male_L008_R2_001.fastq.gz	@LH00295:87:22HVM7LT3:8:1101:2119:1016 2:N:0:TCCTCGGAAC+TCAAGAGCGA
Psil2_A2_High_Male_L008_R1_001.fastq.gz	@LH00295:87:22HVM7LT3:8:1101:1240:1032 1:N:0:CAGACGTAAT+TACAATAGCT
Psil2_A2_High_Male_L008_R2_001.fastq.gz	@LH00295:87:22HVM7LT3:8:1101:1240:1032 2:N:0:CAGACGTAAT+TACAATAGCT
Psil2_A30_NS_Male_L008_R1_001.fastq.gz	@LH00295:87:22HVM7LT3:8:1101:1703:1032 1:N:0:GTATAAGACT+TCGACCAAAC
Psil2_A30_NS_Male_L008_R2_001.fastq.gz	@LH00295:87:22HVM7LT3:8:1101:1703:1032 2:N:0:GTATAAGACT+TCGACCAAAC
Psil2_A31_NS_Female_L008_R1_001.fastq.gz	@LH00295:87:22HVM7LT3:8:1101:1222:1032 1:N:0:AATGGCATTA+AGATGTAGCA
Psil2_A31_NS_Female_L008_R2_001.fastq.gz	@LH00295:87:22HVM7LT3:8:1101:1222:1032 2:N:0:AATGGCATTA+AGATGTAGCA
Psil2_A32_NS_Female_L008_R1_001.fastq.gz	@LH00295:87:22HVM7LT3:8:1101:1740:1032 1:N:0:AATTACAGTT+ACCGGACCCT
Psil2_A32_NS_Female_L008_R2_001.fastq.gz	@LH00295:87:22HVM7LT3:8:1101:1740:1032 2:N:0:AATTACAGTT+ACCGGACCCT
Psil2_A33_NS_Female_L008_R1_001.fastq.gz	@LH00295:87:22HVM7LT3:8:1101:1638:1016 1:N:0:TGCCACAGGA+CTATTCTGAA
Psil2_A33_NS_Female_L008_R2_001.fastq.gz	@LH00295:87:22HVM7LT3:8:1101:1638:1016 2:N:0:TGCCACAGGA+CTATTCTGAA
Psil2_A34_NS_Female_L008_R1_001.fastq.gz	@LH00295:87:22HVM7LT3:8:1101:4514:1032 1:N:0:GACAGTTATA+TGGTCCCGTT
Psil2_A34_NS_Female_L008_R2_001.fastq.gz	@LH00295:87:22HVM7LT3:8:1101:4514:1032 2:N:0:GACAGTTATA+TGGTCCCGTT
Psil2_A35_NS_Female_L008_R1_001.fastq.gz	@LH00295:87:22HVM7LT3:8:1101:1832:1032 1:N:0:AATAGTTAGA+AGATGGTACG
Psil2_A35_NS_Female_L008_R2_001.fastq.gz	@LH00295:87:22HVM7LT3:8:1101:1832:1032 2:N:0:AATAGTTAGA+AGATGGTACG
Psil2_A36_NS_Female_L008_R1_001.fastq.gz	@LH00295:87:22HVM7LT3:8:1101:2137:1016 1:N:0:GAAGCGCCTT+TAGCGCCGCG
Psil2_A36_NS_Female_L008_R2_001.fastq.gz	@LH00295:87:22HVM7LT3:8:1101:2137:1016 2:N:0:GAAGCGCCTT+TAGCGCCGCG
Psil2_A37_K_Male_L008_R1_001.fastq.gz	@LH00295:87:22HVM7LT3:8:1101:1749:1016 1:N:0:GAAACATTAA+CCAGCTAGGG
Psil2_A37_K_Male_L008_R2_001.fastq.gz	@LH00295:87:22HVM7LT3:8:1101:1749:1016 2:N:0:GAAACATTAA+CCAGCTAGGG
Psil2_A38_K_Male_L008_R1_001.fastq.gz	@LH00295:87:22HVM7LT3:8:1101:1453:1016 1:N:0:TCCCGGAGAG+TCCCACCTCT
Psil2_A38_K_Male_L008_R2_001.fastq.gz	@LH00295:87:22HVM7LT3:8:1101:1453:1016 2:N:0:TCCCGGAGAG+TCCCACCTCT
Psil2_A39_K_Male_L008_R1_001.fastq.gz	@LH00295:87:22HVM7LT3:8:1101:5105:1032 1:N:0:GCATATGCAG+TTTCTCTCAC
Psil2_A39_K_Male_L008_R2_001.fastq.gz	@LH00295:87:22HVM7LT3:8:1101:5105:1032 2:N:0:GCATATGCAG+TTTCTCTCAC
Psil2_A3_High_Male_L008_R1_001.fastq.gz	@LH00295:87:22HVM7LT3:8:1101:1028:1016 1:N:0:CTAGATCAAA+GTCCGGTGTT
Psil2_A3_High_Male_L008_R2_001.fastq.gz	@LH00295:87:22HVM7LT3:8:1101:1028:1016 2:N:0:CTAGATCAAA+GTCCGGTGTT
Psil2_A40_K_Male_L008_R1_001.fastq.gz	@LH00295:87:22HVM7LT3:8:1101:2553:1032 1:N:0:GAAATTGCAT+ACGTAGAGGC
Psil2_A40_K_Male_L008_R2_001.fastq.gz	@LH00295:87:22HVM7LT3:8:1101:2553:1032 2:N:0:GAAATTGCAT+ACGTAGAGGC
Psil2_A41_K_Male_L008_R1_001.fastq.gz	@LH00295:87:22HVM7LT3:8:1101:1712:1016 1:N:0:TAATCGCTGT+TCCATCGATG
Psil2_A41_K_Male_L008_R2_001.fastq.gz	@LH00295:87:22HVM7LT3:8:1101:1712:1016 2:N:0:TAATCGCTGT+TCCATCGATG
Psil2_A42_K_Male_L008_R1_001.fastq.gz	@LH00295:87:22HVM7LT3:8:1101:1342:1016 1:N:0:TCACAGTCTT+TTTAGTTTGG
Psil2_A42_K_Male_L008_R2_001.fastq.gz	@LH00295:87:22HVM7LT3:8:1101:1342:1016 2:N:0:TCACAGTCTT+TTTAGTTTGG
Psil2_A43_K_Female_L008_R1_001.fastq.gz	@LH00295:87:22HVM7LT3:8:1101:1490:1016 1:N:0:TAATTTCACT+TGAGTCGGTT
Psil2_A43_K_Female_L008_R2_001.fastq.gz	@LH00295:87:22HVM7LT3:8:1101:1490:1016 2:N:0:TAATTTCACT+TGAGTCGGTT
Psil2_A44_K_Female_L005_R1_001.fastq.gz	@LH00295:89:22JGCYLT3:5:1101:1693:1048 1:N:0:NGGACAATTA+TCTTAAGATT
Psil2_A44_K_Female_L005_R2_001.fastq.gz	@LH00295:89:22JGCYLT3:5:1101:1693:1048 2:N:0:NGGACAATTA+TCTTAAGATT
Psil2_A45_K_Female_L005_R1_001.fastq.gz	@LH00295:89:22JGCYLT3:5:1101:6132:1048 1:N:0:NCTTATTGGC+ACGCATACGC
Psil2_A45_K_Female_L005_R2_001.fastq.gz	@LH00295:89:22JGCYLT3:5:1101:6132:1048 2:N:0:NCTTATTGGC+ACGCATACGC
Psil2_A46_K_Female_L005_R1_001.fastq.gz	@LH00295:89:22JGCYLT3:5:1101:7408:1048 1:N:0:NCACAGCGCG+AGTTCCCGAC
Psil2_A46_K_Female_L005_R2_001.fastq.gz	@LH00295:89:22JGCYLT3:5:1101:7408:1048 2:N:0:NCACAGCGCG+AGTTCCCGAC
Psil2_A47_K_Female_L005_R1_001.fastq.gz	@LH00295:89:22JGCYLT3:5:1101:2285:1048 1:N:0:NTATTTATAA+GTTTGATTGG
Psil2_A47_K_Female_L005_R2_001.fastq.gz	@LH00295:89:22JGCYLT3:5:1101:2285:1048 2:N:0:NTATTTATAA+GTTTGATTGG
Psil2_A48_K_Female_L005_R1_001.fastq.gz	@LH00295:89:22JGCYLT3:5:1101:1398:1048 1:N:0:NTCACCAACT+CCTTCACTTG
Psil2_A48_K_Female_L005_R2_001.fastq.gz	@LH00295:89:22JGCYLT3:5:1101:1398:1048 2:N:0:NTCACCAACT+CCTTCACTTG
Psil2_A49_K_High_Male_L005_R1_001.fastq.gz	@LH00295:89:22JGCYLT3:5:1101:1767:1048 1:N:0:NGCTGAGTCA+TCGCAACTTG
Psil2_A49_K_High_Male_L005_R2_001.fastq.gz	@LH00295:89:22JGCYLT3:5:1101:1767:1048 2:N:0:NGCTGAGTCA+TCGCAACTTG
Psil2_A4_High_Male_L008_R1_001.fastq.gz	@LH00295:87:22HVM7LT3:8:1101:1675:1016 1:N:0:TGAGGCACCG+CAATCCGATA
Psil2_A4_High_Male_L008_R2_001.fastq.gz	@LH00295:87:22HVM7LT3:8:1101:1675:1016 2:N:0:TGAGGCACCG+CAATCCGATA
Psil2_A50_K_High_Male_L005_R1_001.fastq.gz	@LH00295:89:22JGCYLT3:5:1101:2600:1048 1:N:0:NAACTTCCCA+GCAGCACGTT
Psil2_A50_K_High_Male_L005_R2_001.fastq.gz	@LH00295:89:22JGCYLT3:5:1101:2600:1048 2:N:0:NAACTTCCCA+GCAGCACGTT
Psil2_A51_K_High_Male_L005_R1_001.fastq.gz	@LH00295:89:22JGCYLT3:5:1101:5669:1048 1:N:0:NCAGAAAGCG+TCCTCTCGGG
Psil2_A51_K_High_Male_L005_R2_001.fastq.gz	@LH00295:89:22JGCYLT3:5:1101:5669:1048 2:N:0:NCAGAAAGCG+TCCTCTCGGG
Psil2_A52_K_High_Male_L005_R1_001.fastq.gz	@LH00295:89:22JGCYLT3:5:1101:5281:1048 1:N:0:NATAATCTGC+TGACTTCAGT
Psil2_A52_K_High_Male_L005_R2_001.fastq.gz	@LH00295:89:22JGCYLT3:5:1101:5281:1048 2:N:0:NATAATCTGC+TGACTTCAGT
Psil2_A53_K_High_Male_L005_R1_001.fastq.gz	@LH00295:89:22JGCYLT3:5:1101:1583:1048 1:N:0:NGAGATAATT+TCTAGTTGCG
Psil2_A53_K_High_Male_L005_R2_001.fastq.gz	@LH00295:89:22JGCYLT3:5:1101:1583:1048 2:N:0:NGAGATAATT+TCTAGTTGCG
Psil2_A54_K_High_Male_L005_R1_001.fastq.gz	@LH00295:89:22JGCYLT3:5:1101:1176:1048 1:N:0:NAGCTGACTT+AGCCCAAGAT
Psil2_A54_K_High_Male_L005_R2_001.fastq.gz	@LH00295:89:22JGCYLT3:5:1101:1176:1048 2:N:0:NAGCTGACTT+AGCCCAAGAT
Psil2_A55_K_High_Female_L005_R1_001.fastq.gz	@LH00295:89:22JGCYLT3:5:1101:4227:1048 1:N:0:NCCGGGTCAT+TAAATGTGGC
Psil2_A55_K_High_Female_L005_R2_001.fastq.gz	@LH00295:89:22JGCYLT3:5:1101:4227:1048 2:N:0:NCCGGGTCAT+TAAATGTGGC
Psil2_A56_K_High_Female_L005_R1_001.fastq.gz	@LH00295:89:22JGCYLT3:5:1101:3635:1048 1:N:0:NGCACCCTAG+CTAACGAGTA
Psil2_A56_K_High_Female_L005_R2_001.fastq.gz	@LH00295:89:22JGCYLT3:5:1101:3635:1048 2:N:0:NGCACCCTAG+CTAACGAGTA
Psil2_A57_K_High_Female_L005_R1_001.fastq.gz	@LH00295:89:22JGCYLT3:5:1101:1250:1048 1:N:0:NGAAAGACAT+ATCACAGTGT
Psil2_A57_K_High_Female_L005_R2_001.fastq.gz	@LH00295:89:22JGCYLT3:5:1101:1250:1048 2:N:0:NGAAAGACAT+ATCACAGTGT
Psil2_A58_K_High_Female_L005_R1_001.fastq.gz	@LH00295:89:22JGCYLT3:5:1101:1490:1048 1:N:0:NAGAGTATTA+ACGTAGACTA
Psil2_A58_K_High_Female_L005_R2_001.fastq.gz	@LH00295:89:22JGCYLT3:5:1101:1490:1048 2:N:0:NAGAGTATTA+ACGTAGACTA
Psil2_A59_K_High_Female_L005_R1_001.fastq.gz	@LH00295:89:22JGCYLT3:5:1101:1435:1048 1:N:0:NGTGAGCGGG+ACTCTGCCAG
Psil2_A59_K_High_Female_L005_R2_001.fastq.gz	@LH00295:89:22JGCYLT3:5:1101:1435:1048 2:N:0:NGTGAGCGGG+ACTCTGCCAG
Psil2_A5_High_Male_L008_R1_001.fastq.gz	@LH00295:87:22HVM7LT3:8:1101:1564:1016 1:N:0:TATCAACGGT+CGGCGTGCAA
Psil2_A5_High_Male_L008_R2_001.fastq.gz	@LH00295:87:22HVM7LT3:8:1101:1564:1016 2:N:0:TATCAACGGT+CGGCGTGCAA
Psil2_A60_K_High_Female_L005_R1_001.fastq.gz	@LH00295:89:22JGCYLT3:5:1101:3173:1048 1:N:0:NCTTGTAAGT+CATACGGACA
Psil2_A60_K_High_Female_L005_R2_001.fastq.gz	@LH00295:89:22JGCYLT3:5:1101:3173:1048 2:N:0:NCTTGTAAGT+CATACGGACA
Psil2_A61_K_Low_Male_L005_R1_001.fastq.gz	@LH00295:89:22JGCYLT3:5:1101:2359:1048 1:N:0:NGTTGCTTTC+ACAGCCGGTT
Psil2_A61_K_Low_Male_L005_R2_001.fastq.gz	@LH00295:89:22JGCYLT3:5:1101:2359:1048 2:N:0:NGTTGCTTTC+ACAGCCGGTT
Psil2_A62_K_Low_Male_L005_R1_001.fastq.gz	@LH00295:89:22JGCYLT3:5:1101:1268:1048 1:N:0:NTGCGTCCTA+CTCCGGTACA
Psil2_A62_K_Low_Male_L005_R2_001.fastq.gz	@LH00295:89:22JGCYLT3:5:1101:1268:1048 2:N:0:NTGCGTCCTA+CTCCGGTACA
Psil2_A63_K_Low_Male_L005_R1_001.fastq.gz	@LH00295:89:22JGCYLT3:5:1101:2082:1048 1:N:0:NCGTGGTCTT+GTCAAGCGAA
Psil2_A63_K_Low_Male_L005_R2_001.fastq.gz	@LH00295:89:22JGCYLT3:5:1101:2082:1048 2:N:0:NCGTGGTCTT+GTCAAGCGAA
Psil2_A64_K_Low_Male_L005_R1_001.fastq.gz	@LH00295:89:22JGCYLT3:5:1101:3210:1048 1:N:0:NACGTGGAAC+GAATATTTGC
Psil2_A64_K_Low_Male_L005_R2_001.fastq.gz	@LH00295:89:22JGCYLT3:5:1101:3210:1048 2:N:0:NACGTGGAAC+GAATATTTGC
Psil2_A65_K_Low_Male_L005_R1_001.fastq.gz	@LH00295:89:22JGCYLT3:5:1101:3025:1048 1:N:0:NATCTATAAA+AGGCGACAAT
Psil2_A65_K_Low_Male_L005_R2_001.fastq.gz	@LH00295:89:22JGCYLT3:5:1101:3025:1048 2:N:0:NATCTATAAA+AGGCGACAAT
Psil2_A66_K_Low_Male_L005_R1_001.fastq.gz	@LH00295:89:22JGCYLT3:5:1101:4449:1048 1:N:0:NTCGCGCGGC+ATATTCATAC
Psil2_A66_K_Low_Male_L005_R2_001.fastq.gz	@LH00295:89:22JGCYLT3:5:1101:4449:1048 2:N:0:NTCGCGCGGC+ATATTCATAC
Psil2_A67_K_Low_Female_L005_R1_001.fastq.gz	@LH00295:89:22JGCYLT3:5:1101:1638:1048 1:N:0:NACAACTGCA+CATACTCTCG
Psil2_A67_K_Low_Female_L005_R2_001.fastq.gz	@LH00295:89:22JGCYLT3:5:1101:1638:1048 2:N:0:NACAACTGCA+CATACTCTCG
Psil2_A68_K_Low_Female_L005_R1_001.fastq.gz	@LH00295:89:22JGCYLT3:5:1101:3931:1048 1:N:0:NCCTACCCTC+TCGGTCACCG
Psil2_A68_K_Low_Female_L005_R2_001.fastq.gz	@LH00295:89:22JGCYLT3:5:1101:3931:1048 2:N:0:NCCTACCCTC+TCGGTCACCG
Psil2_A69_K_Low_Female_L005_R1_001.fastq.gz	@LH00295:89:22JGCYLT3:5:1101:1989:1048 1:N:0:NGGCTTGTGA+ACCATACTAG
Psil2_A69_K_Low_Female_L005_R2_001.fastq.gz	@LH00295:89:22JGCYLT3:5:1101:1989:1048 2:N:0:NGGCTTGTGA+ACCATACTAG
Psil2_A6_High_Male_L008_R1_001.fastq.gz	@LH00295:87:22HVM7LT3:8:1101:6899:1032 1:N:0:TAACTCTTCG+CCACTTGACA
Psil2_A6_High_Male_L008_R2_001.fastq.gz	@LH00295:87:22HVM7LT3:8:1101:6899:1032 2:N:0:TAACTCTTCG+CCACTTGACA
Psil2_A70_K_Low_Female_L005_R1_001.fastq.gz	@LH00295:89:22JGCYLT3:5:1101:2045:1048 1:N:0:NAGGACCAAT+TGGGAAGGCG
Psil2_A70_K_Low_Female_L005_R2_001.fastq.gz	@LH00295:89:22JGCYLT3:5:1101:2045:1048 2:N:0:NAGGACCAAT+TGGGAAGGCG
Psil2_A71_K_Low_Female_L005_R1_001.fastq.gz	@LH00295:89:22JGCYLT3:5:1101:5836:1048 1:N:0:NACTTGTTTG+AGGAGGAGCA
Psil2_A71_K_Low_Female_L005_R2_001.fastq.gz	@LH00295:89:22JGCYLT3:5:1101:5836:1048 2:N:0:NACTTGTTTG+AGGAGGAGCA
Psil2_A72_K_Low_Female_L005_R1_001.fastq.gz	@LH00295:89:22JGCYLT3:5:1101:1379:1048 1:N:0:NAAGCCGAGT+CATTAGTTCG
Psil2_A72_K_Low_Female_L005_R2_001.fastq.gz	@LH00295:89:22JGCYLT3:5:1101:1379:1048 2:N:0:NAAGCCGAGT+CATTAGTTCG
Psil2_A73_High_Male_L005_R1_001.fastq.gz	@LH00295:89:22JGCYLT3:5:1101:2100:1048 1:N:0:NACCGGAAAG+ACTTGCTGCA
Psil2_A73_High_Male_L005_R2_001.fastq.gz	@LH00295:89:22JGCYLT3:5:1101:2100:1048 2:N:0:NACCGGAAAG+ACTTGCTGCA
Psil2_A74_High_Male_L005_R1_001.fastq.gz	@LH00295:89:22JGCYLT3:5:1101:3302:1048 1:N:0:NACCAGTTCA+CCCTCGTGTA
Psil2_A74_High_Male_L005_R2_001.fastq.gz	@LH00295:89:22JGCYLT3:5:1101:3302:1048 2:N:0:NACCAGTTCA+CCCTCGTGTA
Psil2_A75_High_Male_L005_R1_001.fastq.gz	@LH00295:89:22JGCYLT3:5:1101:2341:1048 1:N:0:NACATCAGTA+CCCGAGGGTC
Psil2_A75_High_Male_L005_R2_001.fastq.gz	@LH00295:89:22JGCYLT3:5:1101:2341:1048 2:N:0:NACATCAGTA+CCCGAGGGTC
Psil2_A76_High_Male_L005_R1_001.fastq.gz	@LH00295:89:22JGCYLT3:5:1101:1841:1048 1:N:0:NACACTCTGG+CTTGGGTTAT
Psil2_A76_High_Male_L005_R2_001.fastq.gz	@LH00295:89:22JGCYLT3:5:1101:1841:1048 2:N:0:NACACTCTGG+CTTGGGTTAT
Psil2_A77_High_Male_L005_R1_001.fastq.gz	@LH00295:89:22JGCYLT3:5:1101:1194:1048 1:N:0:NATTGAATTC+AATCTCGGTG
Psil2_A77_High_Male_L005_R2_001.fastq.gz	@LH00295:89:22JGCYLT3:5:1101:1194:1048 2:N:0:NATTGAATTC+AATCTCGGTG
Psil2_A78_High_Male_L005_R1_001.fastq.gz	@LH00295:89:22JGCYLT3:5:1101:2655:1048 1:N:0:NAATAAACAC+ACCTCGGTCG
Psil2_A78_High_Male_L005_R2_001.fastq.gz	@LH00295:89:22JGCYLT3:5:1101:2655:1048 2:N:0:NAATAAACAC+ACCTCGGTCG
Psil2_A79_High_Female_L005_R1_001.fastq.gz	@LH00295:89:22JGCYLT3:5:1101:2378:1048 1:N:0:NTATGGGAAG+AGACTAGAGT
Psil2_A79_High_Female_L005_R2_001.fastq.gz	@LH00295:89:22JGCYLT3:5:1101:2378:1048 2:N:0:NTATGGGAAG+AGACTAGAGT
Psil2_A7_High_Female_L008_R1_001.fastq.gz	@LH00295:87:22HVM7LT3:8:1101:3293:1032 1:N:0:AGATGAGCCA+GAACACGAGC
Psil2_A7_High_Female_L008_R2_001.fastq.gz	@LH00295:87:22HVM7LT3:8:1101:3293:1032 2:N:0:AGATGAGCCA+GAACACGAGC
Psil2_A80_High_Female_L005_R1_001.fastq.gz	@LH00295:89:22JGCYLT3:5:1101:2433:1048 1:N:0:NCGCGATTAA+CGTCCCGGAC
Psil2_A80_High_Female_L005_R2_001.fastq.gz	@LH00295:89:22JGCYLT3:5:1101:2433:1048 2:N:0:NCGCGATTAA+CGTCCCGGAC
Psil2_A81_High_Female_L005_R1_001.fastq.gz	@LH00295:89:22JGCYLT3:5:1101:1231:1048 1:N:0:NGAGCATTTA+TCCTTTATGG
Psil2_A81_High_Female_L005_R2_001.fastq.gz	@LH00295:89:22JGCYLT3:5:1101:1231:1048 2:N:0:NGAGCATTTA+TCCTTTATGG
Psil2_A82_High_Female_L005_R1_001.fastq.gz	@LH00295:89:22JGCYLT3:5:1101:2174:1048 1:N:0:NCCCTATCAT+CGGTTTGTAA
Psil2_A82_High_Female_L005_R2_001.fastq.gz	@LH00295:89:22JGCYLT3:5:1101:2174:1048 2:N:0:NCCCTATCAT+CGGTTTGTAA
Psil2_A83_High_Female_L005_R1_001.fastq.gz	@LH00295:89:22JGCYLT3:5:1101:7278:1048 1:N:0:NCATGAGCCT+TTAGATTCAA
Psil2_A83_High_Female_L005_R2_001.fastq.gz	@LH00295:89:22JGCYLT3:5:1101:7278:1048 2:N:0:NCATGAGCCT+TTAGATTCAA
Psil2_A84_High_Female_L005_R1_001.fastq.gz	@LH00295:89:22JGCYLT3:5:1101:1361:1048 1:N:0:NAGCAATGAA+AGTCTGAGTT
Psil2_A84_High_Female_L005_R2_001.fastq.gz	@LH00295:89:22JGCYLT3:5:1101:1361:1048 2:N:0:NAGCAATGAA+AGTCTGAGTT
Psil2_A85_Low_Male_L005_R1_001.fastq.gz	@LH00295:89:22JGCYLT3:5:1101:1324:1048 1:N:0:NCCTATGTGT+TGTTCAGGTT
Psil2_A85_Low_Male_L005_R2_001.fastq.gz	@LH00295:89:22JGCYLT3:5:1101:1324:1048 2:N:0:NCCTATGTGT+TGTTCAGGTT
Psil2_A86_Low_Male_L005_R1_001.fastq.gz	@LH00295:89:22JGCYLT3:5:1101:2544:1048 1:N:0:NTAAATGATC+CCGTCGTCAC
Psil2_A86_Low_Male_L005_R2_001.fastq.gz	@LH00295:89:22JGCYLT3:5:1101:2544:1048 2:N:0:NTAAATGATC+CCGTCGTCAC
Psil2_A87_Low_Male_L006_R1_001.fastq.gz	@LH00295:89:22JGCYLT3:6:1101:3090:1032 1:N:0:NAACTCCACG+TAGCACTTAC
Psil2_A87_Low_Male_L006_R2_001.fastq.gz	@LH00295:89:22JGCYLT3:6:1101:3090:1032 2:N:0:NAACTCCACG+TAGCACTTAC
Psil2_A88_Low_Male_L006_R1_001.fastq.gz	@LH00295:89:22JGCYLT3:6:1101:1148:1032 1:N:0:NATCTACGAT+GAGGCTTGGG
Psil2_A88_Low_Male_L006_R2_001.fastq.gz	@LH00295:89:22JGCYLT3:6:1101:1148:1032 2:N:0:NATCTACGAT+GAGGCTTGGG
Psil2_A89_Low_Male_L006_R1_001.fastq.gz	@LH00295:89:22JGCYLT3:6:1101:1203:1032 1:N:0:NTATGTTCGC+TCTCTTGGTG
Psil2_A89_Low_Male_L006_R2_001.fastq.gz	@LH00295:89:22JGCYLT3:6:1101:1203:1032 2:N:0:NTATGTTCGC+TCTCTTGGTG
Psil2_A8_High_Female_L008_R1_001.fastq.gz	@LH00295:87:22HVM7LT3:8:1101:1009:1016 1:N:0:TTGGAGATGT+CTGGCGAATT
Psil2_A8_High_Female_L008_R2_001.fastq.gz	@LH00295:87:22HVM7LT3:8:1101:1009:1016 2:N:0:TTGGAGATGT+CTGGCGAATT
Psil2_A91_Low_Female_L006_R1_001.fastq.gz	@LH00295:89:22JGCYLT3:6:1101:3053:1032 1:N:0:NCGTCGAAGC+CGGTATTATG
Psil2_A91_Low_Female_L006_R2_001.fastq.gz	@LH00295:89:22JGCYLT3:6:1101:3053:1032 2:N:0:NCGTCGAAGC+CGGTATTATG
Psil2_A92_Low_Female_L006_R1_001.fastq.gz	@LH00295:89:22JGCYLT3:6:1101:3201:1032 1:N:0:NTTCCGCCAG+AATAATGTGG
Psil2_A92_Low_Female_L006_R2_001.fastq.gz	@LH00295:89:22JGCYLT3:6:1101:3201:1032 2:N:0:NTTCCGCCAG+AATAATGTGG
Psil2_A93_Low_Female_L006_R1_001.fastq.gz	@LH00295:89:22JGCYLT3:6:1101:1629:1032 1:N:0:NCTCAGAAAT+CTACGAGGCA
Psil2_A93_Low_Female_L006_R2_001.fastq.gz	@LH00295:89:22JGCYLT3:6:1101:1629:1032 2:N:0:NCTCAGAAAT+CTACGAGGCA
Psil2_A94_Low_Female_L006_R1_001.fastq.gz	@LH00295:89:22JGCYLT3:6:1101:2257:1032 1:N:0:NCCGATACAG+CTCAGACCGA
Psil2_A94_Low_Female_L006_R2_001.fastq.gz	@LH00295:89:22JGCYLT3:6:1101:2257:1032 2:N:0:NCCGATACAG+CTCAGACCGA
Psil2_A95_Low_Female_L006_R1_001.fastq.gz	@LH00295:89:22JGCYLT3:6:1101:1129:1032 1:N:0:NGTCAATTTG+CTCCATCTCG
Psil2_A95_Low_Female_L006_R2_001.fastq.gz	@LH00295:89:22JGCYLT3:6:1101:1129:1032 2:N:0:NGTCAATTTG+CTCCATCTCG
Psil2_A96_Low_Female_L006_R1_001.fastq.gz	@LH00295:89:22JGCYLT3:6:1101:4495:1032 1:N:0:NAGTTTAGTC+TCTAATCGGT
Psil2_A96_Low_Female_L006_R2_001.fastq.gz	@LH00295:89:22JGCYLT3:6:1101:4495:1032 2:N:0:NAGTTTAGTC+TCTAATCGGT
Psil2_A97_NS_Male_L006_R1_001.fastq.gz	@LH00295:89:22JGCYLT3:6:1101:1166:1032 1:N:0:NCTGTCTATG+TAAGTTTCTC
Psil2_A97_NS_Male_L006_R2_001.fastq.gz	@LH00295:89:22JGCYLT3:6:1101:1166:1032 2:N:0:NCTGTCTATG+TAAGTTTCTC
Psil2_A98_NS_Male_L006_R1_001.fastq.gz	@LH00295:89:22JGCYLT3:6:1101:3515:1032 1:N:0:NACCTGATGT+CTTTGTGTTT
Psil2_A98_NS_Male_L006_R2_001.fastq.gz	@LH00295:89:22JGCYLT3:6:1101:3515:1032 2:N:0:NACCTGATGT+CTTTGTGTTT
Psil2_A99_NS_Male_L006_R1_001.fastq.gz	@LH00295:89:22JGCYLT3:6:1101:2553:1032 1:N:0:NAGCCTATGC+GCTGCGTTGA
Psil2_A99_NS_Male_L006_R2_001.fastq.gz	@LH00295:89:22JGCYLT3:6:1101:2553:1032 2:N:0:NAGCCTATGC+GCTGCGTTGA
Psil2_A9_High_Female_L008_R1_001.fastq.gz	@LH00295:87:22HVM7LT3:8:1101:1546:1016 1:N:0:AGCCCGTTAT+CGCGAAGGCA
Psil2_A9_High_Female_L008_R2_001.fastq.gz	@LH00295:87:22HVM7LT3:8:1101:1546:1016 2:N:0:AGCCCGTTAT+CGCGAAGGCA
